Sample,POS,REF,ALT,Ref_Depth,Alt_Depth,Total_Depth,Frequency
SRR19606889,3037,C,T,0,2,2,1
SRR19606889,4231,A,C,1,2,3,0.666667
SRR19606889,7903,A,G,0,2,4,0.5
SRR19606932,777,G,A,0,1,1,1
SRR19606932,1059,C,T,0,1,2,0.5
SRR19606932,1072,A,AC,0,2,2,1
SRR19606932,1346,C,T,0,2,2,1
SRR19606932,2276,A,G,0,1,2,0.5
SRR19606932,2395,C,T,0,1,1,1
SRR19606932,3037,C,T,0,5,5,1
SRR19606932,3090,A,G,3,3,6,0.5
SRR19606932,6706,C,T,0,1,2,0.5
SRR19606932,9738,G,C,0,1,1,1
SRR19606932,9943,C,T,0,1,2,0.5
SRR19606932,13267,A,T,9,2,14,0.142857
SRR19606932,14969,G,A,2,1,6,0.166667
SRR19606932,17014,G,T,0,1,2,0.5
SRR19606932,17543,T,G,1,2,3,0.666667
SRR19606932,17572,G,A,6,2,8,0.25
SRR19606932,18336,AG,A,5,2,7,0.285714
SRR19606932,19880,A,G,2,1,6,0.166667
SRR19606932,22018,G,T,0,1,1,1
SRR19606932,22550,C,T,0,1,1,1
SRR19606932,28887,C,T,0,4,5,0.8
SRR19606932,29687,A,G,0,1,2,0.5
SRR19606954,241,C,T,0,26,52,0.5
SRR19606954,2395,C,T,0,32,32,1
SRR19606954,2597,T,C,34,49,137,0.357664
SRR19606954,3852,A,T,26,21,68,0.308824
SRR19606954,12878,A,G,29,15,44,0.340909
SRR19606954,14322,C,T,0,28,56,0.5
SRR19606954,15527,T,C,0,14,28,0.5
SRR19606954,16981,A,G,8,15,23,0.652174
SRR19606954,17014,G,T,0,23,31,0.741935
SRR19606954,19024,C,A,0,10,20,0.5
SRR19606954,19200,CAA,CA,50,25,125,0.2
SRR19606954,22018,G,T,0,15,30,0.5
SRR19606954,23063,A,T,15,14,58,0.241379
SRR19606954,23389,T,C,3,2,10,0.2
SRR19606954,23403,A,G,0,4,8,0.5
SRR19606954,25907,G,T,0,4,8,0.5
SRR19606954,28272,A,T,0,11,22,0.5
SRR19606954,29362,C,T,0,8,16,0.5
SRR19607206,241,C,T,0,13,14,0.928571
SRR19607206,2113,C,T,7,10,20,0.5
SRR19607206,2119,C,T,10,7,20,0.35
SRR19607206,3817,C,T,1,2,6,0.333333
SRR19607206,7984,T,C,4,10,17,0.588235
SRR19607206,10319,C,T,16,3,22,0.136364
SRR19607206,12100,C,T,0,5,10,0.5
SRR19607206,13682,A,T,0,4,8,0.5
SRR19607206,14408,C,T,0,8,8,1
SRR19607206,15770,C,A,6,9,15,0.6
SRR19607206,16725,A,G,3,6,18,0.333333
SRR19607206,18129,C,T,15,4,23,0.173913
SRR19607206,18880,G,A,19,6,31,0.193548
SRR19607206,23403,A,G,0,6,6,1
SRR19607206,26681,C,T,0,4,4,1
SRR19607206,29625,C,T,0,2,4,0.5
SRR19607228,23403,A,G,0,105,105,1
SRR19607228,28272,A,T,0,144,251,0.573705
